Package,Built
assertthat,3.4.3
backports,3.4.3
base64enc,3.4.1
BH,3.4.1
bindr,3.4.3
bindrcpp,3.4.3
bitops,3.4.0
broom,3.4.0
caTools,3.4.0
cellranger,3.4.1
cli,3.4.3
clipr,3.4.3
clisymbols,3.4.3
clue,3.4.1
colorspace,3.4.3
covr,3.4.1
crayon,3.4.3
crosstalk,3.4.3
curl,3.4.3
DBI,3.4.3
dbplyr,3.4.3
debugme,3.4.3
desc,3.4.3
dichromat,3.4.1
digest,3.4.3
dplyr,3.4.3
enc,3.4.3
evaluate,3.4.0
fastcluster,3.4.0
feather,3.4.1
forcats,3.4.1
formatR,3.4.0
fs,3.4.3
ggforce,3.4.3
ggplot2,3.4.3
ggraph,3.4.3
ggrepel,3.4.3
gh,3.4.3
git2r,3.4.3
glue,3.4.3
gridExtra,3.4.1
gtable,3.4.3
haven,3.4.3
here,3.4.3
highr,3.4.0
hms,3.4.3
htmltools,3.4.3
htmlwidgets,3.4.3
httpuv,3.4.3
httr,3.4.3
igraph,3.4.3
ini,3.4.3
irlba,3.4.3
itertools,3.4.1
jsonlite,3.4.3
knitr,3.4.0
labeling,3.4.1
lazyeval,3.4.3
leaflet,3.4.3
lpSolve,3.4.0
lubridate,3.4.3
magrittr,3.4.3
markdown,3.4.0
matrixStats,3.4.1
mime,3.4.1
missForest,3.4.1
mnormt,3.4.0
modelr,3.4.3
munsell,3.4.3
openssl,3.4.3
openxlsx,3.4.0
pillar,3.4.3
pkgconfig,3.4.3
plogr,3.4.3
pls,3.4.1
plyr,3.4.3
png,3.4.1
praise,3.4.1
proxy,3.4.1
psych,3.4.1
purrr,3.4.3
R6,3.4.3
randomForest,3.4.1
RANN,3.4.1
raster,3.4.3
RColorBrewer,3.4.1
Rcpp,3.4.3
readr,3.4.3
readxl,3.4.1
rematch,3.4.1
rematch2,3.4.3
reprex,3.4.3
reshape2,3.4.3
rex,3.4.1
rJava,3.4.0
rlang,3.4.3
rmarkdown,3.4.0
rprojroot,3.4.3
rstudioapi,3.4.3
rvest,3.4.1
scales,3.4.3
selectr,3.4.1
shiny,3.4.3
sourcetools,3.4.3
sp,3.4.3
StatMatch,3.4.1
stringi,3.4.2
stringr,3.4.3
styler,3.4.3
survey,3.4.1
testthat,3.4.1
tibble,3.4.3
tidyr,3.4.3
tidyselect,3.4.3
tidyverse,3.4.3
tweenr,3.4.3
udunits2,3.4.1
units,3.4.3
usethis,3.4.3
utf8,3.4.3
viridis,3.4.3
viridisLite,3.4.3
whisker,3.4.3
withr,3.4.3
xlsx,3.4.0
xlsxjars,3.4.0
xml2,3.4.1
xtable,3.4.3
yaml,3.4.3
